[
{
  "title": "EnglishConnect wallet",
  "price": null,
  "instructor": null,
  "rating": "English",
  "description": null,
  "full_text": "EnglishConnect wallet",
  "url": "https://edumall.io/en/search?mode=courses",
  "scraped_at": "2025-08-26 12:13:44"
},
{
  "title": "Thiết kế Quảng Cáo, Tạo mẫu, In ấn, Bằng phần mềm CorelDraw",
  "price": "Free",
  "instructor": "Quát Nguyễn Doãn",
  "rating": "Online coursesFace-to-face coursesLearning Path",
  "description": "Design+1Thiết kế Quảng Cáo, Tạo mẫu, In ấn, Bằng phần mềm CorelDrawQuát Nguyễn Doãn5 Lessons•1hrs 41minsFreeSinh viên đam mê sáng tạo, mong muốn trở thành nhà thiết kế đồ họa chuyên nghiệp.Người đi là",
  "full_text": "FilterSort by:NewestClear filter2,192 resultsTypeOnline coursesFace-to-face coursesLearning PathPricingPaidFreeAllCategoryBlockchainProgramming - ITMusicLanguagesSelf GrowthSports - HealthBusiness - Start-UpMarriage - FamilyPhotography - FilmMarketingArt - LifeInvestmentSpecialized knowledgeOffice Information TechnologyDesignRating& Up& UpAllPublish DateLast WeekLast MonthLast YearAll TimeSave & CloseSaveDesign+1Thiết kế Quảng Cáo, Tạo mẫu, In ấn, Bằng phần mềm CorelDrawQuát Nguyễn Doãn5 Lessons",
  "url": "https://edumall.io/en/search?mode=courses",
  "scraped_at": "2025-08-26 12:14:14"
},
{
  "title": null,
  "price": "Free",
  "instructor": null,
  "rating": "Online coursesFace-to-face coursesLearning Path",
  "description": "TypeOnline coursesFace-to-face coursesLearning PathPricingPaidFreeAllCategoryBlockchainProgramming - ITMusicLanguagesSelf GrowthSports - HealthBusiness - Start-UpMarriage - FamilyPhotography - FilmMar",
  "full_text": "TypeOnline coursesFace-to-face coursesLearning PathPricingPaidFreeAllCategoryBlockchainProgramming - ITMusicLanguagesSelf GrowthSports - HealthBusiness - Start-UpMarriage - FamilyPhotography - FilmMarketingArt - LifeInvestmentSpecialized knowledgeOffice Information TechnologyDesignRating& Up& UpAllPublish DateLast WeekLast MonthLast YearAll TimeSave & CloseSave",
  "url": "https://edumall.io/en/search?mode=courses",
  "scraped_at": "2025-08-26 12:14:44"
},
{
  "title": null,
  "price": "Free",
  "instructor": null,
  "rating": "Online coursesFace-to-face coursesLearning Path",
  "description": "Online coursesFace-to-face coursesLearning Path",
  "full_text": "TypeOnline coursesFace-to-face coursesLearning PathPricingPaidFreeAllCategoryBlockchainProgramming - ITMusicLanguagesSelf GrowthSports - HealthBusiness - Start-UpMarriage - FamilyPhotography - FilmMarketingArt - LifeInvestmentSpecialized knowledgeOffice Information TechnologyDesignRating& Up& UpAllPublish DateLast WeekLast MonthLast YearAll Time",
  "url": "https://edumall.io/en/search?mode=courses",
  "scraped_at": "2025-08-26 12:14:44"
},
{
  "title": "Online coursesFace-to-face coursesLearning Path",
  "price": null,
  "instructor": null,
  "rating": null,
  "description": null,
  "full_text": "Online coursesFace-to-face coursesLearning Path",
  "url": "https://edumall.io/en/search?mode=courses",
  "scraped_at": "2025-08-26 12:14:44"
},
{
  "title": "PaidFreeAll",
  "price": "Free",
  "instructor": null,
  "rating": null,
  "description": null,
  "full_text": "PaidFreeAll",
  "url": "https://edumall.io/en/search?mode=courses",
  "scraped_at": "2025-08-26 12:15:14"
},
{
  "title": null,
  "price": null,
  "instructor": null,
  "rating": null,
  "description": "BlockchainProgramming - ITMusicLanguagesSelf GrowthSports - HealthBusiness - Start-UpMarriage - FamilyPhotography - FilmMarketingArt - LifeInvestmentSpecialized knowledgeOffice Information TechnologyD",
  "full_text": "BlockchainProgramming - ITMusicLanguagesSelf GrowthSports - HealthBusiness - Start-UpMarriage - FamilyPhotography - FilmMarketingArt - LifeInvestmentSpecialized knowledgeOffice Information TechnologyDesign",
  "url": "https://edumall.io/en/search?mode=courses",
  "scraped_at": "2025-08-26 12:15:44"
},
{
  "title": "& Up& UpAll",
  "price": null,
  "instructor": null,
  "rating": null,
  "description": null,
  "full_text": "& Up& UpAll",
  "url": "https://edumall.io/en/search?mode=courses",
  "scraped_at": "2025-08-26 12:15:44"
},
{
  "title": "Last WeekLast MonthLast YearAll Time",
  "price": null,
  "instructor": null,
  "rating": null,
  "description": null,
  "full_text": "Last WeekLast MonthLast YearAll Time",
  "url": "https://edumall.io/en/search?mode=courses",
  "scraped_at": "2025-08-26 12:16:14"
},
{
  "title": "Thiết kế Quảng Cáo, Tạo mẫu, In ấn, Bằng phần mềm CorelDraw",
  "price": "Free",
  "instructor": "Quát Nguyễn Doãn",
  "rating": "+1",
  "description": "Sinh viên đam mê sáng tạo, mong muốn trở thành nhà thiết kế đồ họa chuyên nghiệp.Người đi làm muốn chuyển ngành sang lĩnh vực thiết kế hoặc nâng cao kỹ năng thiết kế hiện có.Chủ doanh nghiệp, cơ sở qu",
  "full_text": "Design+1Thiết kế Quảng Cáo, Tạo mẫu, In ấn, Bằng phần mềm CorelDrawQuát Nguyễn Doãn5 Lessons•1hrs 41minsFreeSinh viên đam mê sáng tạo, mong muốn trở thành nhà thiết kế đồ họa chuyên nghiệp.Người đi làm muốn chuyển ngành sang lĩnh vực thiết kế hoặc nâng cao kỹ năng thiết kế hiện có.Chủ doanh nghiệp, cơ sở quảng cáo, in ấn, pano biển hiệu muốn tự tay thiết kế và kiểm soát sản phẩm của mình.Người làm trong ngành trang trí, tổ chức sự kiện, thiết kế phối cảnh công trình cần trang bị tư duy và kỹ năn",
  "url": "https://edumall.io/en/search?mode=courses",
  "scraped_at": "2025-08-26 12:16:45"
},
{
  "title": "Quát Nguyễn Doãn",
  "price": "Free",
  "instructor": "Quát Nguyễn Doãn",
  "rating": null,
  "description": "Sinh viên đam mê sáng tạo, mong muốn trở thành nhà thiết kế đồ họa chuyên nghiệp.Người đi làm muốn chuyển ngành sang lĩnh vực thiết kế hoặc nâng cao kỹ năng thiết kế hiện có.Chủ doanh nghiệp, cơ sở qu",
  "full_text": "Quát Nguyễn Doãn5 Lessons•1hrs 41minsFreeSinh viên đam mê sáng tạo, mong muốn trở thành nhà thiết kế đồ họa chuyên nghiệp.Người đi làm muốn chuyển ngành sang lĩnh vực thiết kế hoặc nâng cao kỹ năng thiết kế hiện có.Chủ doanh nghiệp, cơ sở quảng cáo, in ấn, pano biển hiệu muốn tự tay thiết kế và kiểm soát sản phẩm của mình.Người làm trong ngành trang trí, tổ chức sự kiện, thiết kế phối cảnh công trình cần trang bị tư duy và kỹ năng thiết kế trực quan.Những ai đang muốn khởi nghiệp trong lĩnh vực ",
  "url": "https://edumall.io/en/search?mode=courses",
  "scraped_at": "2025-08-26 12:17:15"
},
{
  "title": null,
  "price": "Free",
  "instructor": null,
  "rating": null,
  "description": null,
  "full_text": "Free",
  "url": "https://edumall.io/en/search?mode=courses",
  "scraped_at": "2025-08-26 12:17:45"
},
{
  "title": "Hồi phục sau mổ tuyến giáp: Ăn uống, tập luyện, tinh thần",
  "price": "đ589,000",
  "instructor": "Hanna Hang",
  "rating": "Hồi phục sau mổ tuyến giáp: Ăn uống, tập luyện, tinh thần",
  "description": "“Hồi phục sau mổ tuyến giáp: Ăn uống, tập luyện, tinh thần”là khóa học online dành cho những ai vừa được chẩn đoánung thư tuyến giáp, đang chuẩn bịphẫu thuật tuyến giáp, hoặc mới bắt đầu hành trìnhuốn",
  "full_text": "Sports - HealthHồi phục sau mổ tuyến giáp: Ăn uống, tập luyện, tinh thầnHanna Hang15 Lessons•0hrs 27minsđ589,000“Hồi phục sau mổ tuyến giáp: Ăn uống, tập luyện, tinh thần”là khóa học online dành cho những ai vừa được chẩn đoánung thư tuyến giáp, đang chuẩn bịphẫu thuật tuyến giáp, hoặc mới bắt đầu hành trìnhuống thuốc hormone sau mổ.Khóa học cung cấp kiến thức thực tế, lời khuyên tinh thần và kinh nghiệm cá nhân để bạn có thểhồi phục nhanh,giữ tinh thần vững vàng, vàsống khỏe mạnh sau điều trị.B",
  "url": "https://edumall.io/en/search?mode=courses",
  "scraped_at": "2025-08-26 12:17:45"
},
{
  "title": "Hanna Hang",
  "price": "đ589,000",
  "instructor": "Hanna Hang",
  "rating": null,
  "description": "“Hồi phục sau mổ tuyến giáp: Ăn uống, tập luyện, tinh thần”là khóa học online dành cho những ai vừa được chẩn đoánung thư tuyến giáp, đang chuẩn bịphẫu thuật tuyến giáp, hoặc mới bắt đầu hành trìnhuốn",
  "full_text": "Hanna Hang15 Lessons•0hrs 27minsđ589,000“Hồi phục sau mổ tuyến giáp: Ăn uống, tập luyện, tinh thần”là khóa học online dành cho những ai vừa được chẩn đoánung thư tuyến giáp, đang chuẩn bịphẫu thuật tuyến giáp, hoặc mới bắt đầu hành trìnhuống thuốc hormone sau mổ.Khóa học cung cấp kiến thức thực tế, lời khuyên tinh thần và kinh nghiệm cá nhân để bạn có thểhồi phục nhanh,giữ tinh thần vững vàng, vàsống khỏe mạnh sau điều trị.Bạn sẽ học được:Cáchchuẩn bị tâm lýtrước khi mổ tuyến giápHướng dẫntập th",
  "url": "https://edumall.io/en/search?mode=courses",
  "scraped_at": "2025-08-26 12:18:15"
},
{
  "title": null,
  "price": null,
  "instructor": null,
  "rating": null,
  "description": null,
  "full_text": "đ589,000",
  "url": "https://edumall.io/en/search?mode=courses",
  "scraped_at": "2025-08-26 12:18:45"
},
{
  "title": "Cách lên kế hoạch đám cưới Việt Nam chi tiết",
  "price": "đ1,359,000",
  "instructor": "Hanna Hang",
  "rating": "Cách lên kế hoạch đám cưới Việt Nam chi tiết",
  "description": "Bạn đang chuẩn bị cưới nhưng không biết bắt đầu từ đâu?Khóa học\"Cách lên kế hoạch đám cưới Việt Nam chi tiết\" là cẩm nang dành riêng cho những cô dâu muốn tự tay chuẩn bị ngày cưới của mình màkhông bị",
  "full_text": "Marriage - FamilyCách lên kế hoạch đám cưới Việt Nam chi tiếtHanna Hang22 Lessons•0hrs 54minsđ1,359,000Bạn đang chuẩn bị cưới nhưng không biết bắt đầu từ đâu?Khóa học\"Cách lên kế hoạch đám cưới Việt Nam chi tiết\" là cẩm nang dành riêng cho những cô dâu muốn tự tay chuẩn bị ngày cưới của mình màkhông bị stress,biết cách dự trù kinh phí cưới, vàvẫn giữ được phong cách riêng.Khóa học này dành cho bạn nếu:Bạn không thuê wedding planner, muốntự tổ chức đám cướiBạn đã thuê planner nhưngmuốn kiểm soát ",
  "url": "https://edumall.io/en/search?mode=courses",
  "scraped_at": "2025-08-26 12:18:45"
},
{
  "title": "Hanna Hang",
  "price": "đ1,359,000",
  "instructor": "Hanna Hang",
  "rating": null,
  "description": "Bạn đang chuẩn bị cưới nhưng không biết bắt đầu từ đâu?Khóa học\"Cách lên kế hoạch đám cưới Việt Nam chi tiết\" là cẩm nang dành riêng cho những cô dâu muốn tự tay chuẩn bị ngày cưới của mình màkhông bị",
  "full_text": "Hanna Hang22 Lessons•0hrs 54minsđ1,359,000Bạn đang chuẩn bị cưới nhưng không biết bắt đầu từ đâu?Khóa học\"Cách lên kế hoạch đám cưới Việt Nam chi tiết\" là cẩm nang dành riêng cho những cô dâu muốn tự tay chuẩn bị ngày cưới của mình màkhông bị stress,biết cách dự trù kinh phí cưới, vàvẫn giữ được phong cách riêng.Khóa học này dành cho bạn nếu:Bạn không thuê wedding planner, muốntự tổ chức đám cướiBạn đã thuê planner nhưngmuốn kiểm soát ngân sách và timeline rõ ràng hơnBạn muốntiết kiệm chi phí cư",
  "url": "https://edumall.io/en/search?mode=courses",
  "scraped_at": "2025-08-26 12:19:15"
},
{
  "title": null,
  "price": null,
  "instructor": null,
  "rating": null,
  "description": null,
  "full_text": "đ1,359,000",
  "url": "https://edumall.io/en/search?mode=courses",
  "scraped_at": "2025-08-26 12:19:45"
},
{
  "title": "Bitcoin for Businesses",
  "price": "Free",
  "instructor": "Blockchain Academ",
  "rating": "+2",
  "description": "Kickstart your company’s journey on the bitcoin networkDiscover the practical capabilities of the Bitcoin and Lightning Network, and explore how, much like the internet, they cantransform your busines",
  "full_text": "Blockchain+2Bitcoin for BusinessesBlockchain Academ17 Lessons•0hrs 17minsFreeKickstart your company’s journey on the bitcoin networkDiscover the practical capabilities of the Bitcoin and Lightning Network, and explore how, much like the internet, they cantransform your business operations. From digital capital to fast, economical, and scalable payments, Bitcoin offers a vast spectrum ofuse cases for businesses.Throughout this guide, you will learn how to understand Bitcoin as a global, universal",
  "url": "https://edumall.io/en/search?mode=courses",
  "scraped_at": "2025-08-26 12:19:45"
},
{
  "title": "Kickstart your company’s journey on the bitcoin network",
  "price": "Free",
  "instructor": "Blockchain Academ",
  "rating": null,
  "description": "Kickstart your company’s journey on the bitcoin networkDiscover the practical capabilities of the Bitcoin and Lightning Network, and explore how, much like the internet, they cantransform your busines",
  "full_text": "Blockchain Academ17 Lessons•0hrs 17minsFreeKickstart your company’s journey on the bitcoin networkDiscover the practical capabilities of the Bitcoin and Lightning Network, and explore how, much like the internet, they cantransform your business operations. From digital capital to fast, economical, and scalable payments, Bitcoin offers a vast spectrum ofuse cases for businesses.Throughout this guide, you will learn how to understand Bitcoin as a global, universal, and internet-native monetary net",
  "url": "https://edumall.io/en/search?mode=courses",
  "scraped_at": "2025-08-26 12:20:15"
},
{
  "title": null,
  "price": "Free",
  "instructor": null,
  "rating": null,
  "description": null,
  "full_text": "Free",
  "url": "https://edumall.io/en/search?mode=courses",
  "scraped_at": "2025-08-26 12:20:45"
},
{
  "title": "Building with Elements and Liquid Network",
  "price": "Free",
  "instructor": "Blockchain Academ",
  "rating": "+2",
  "description": "Build on Liquid and ElementsDiscover the advanced features and capabilities of Liquid and Elements, and learn how to effectively utilize these tools to enhance your development projects. This training",
  "full_text": "Blockchain+2Building with Elements and Liquid NetworkBlockchain Academ12 Lessons•0hrs 12minsFreeBuild on Liquid and ElementsDiscover the advanced features and capabilities of Liquid and Elements, and learn how to effectively utilize these tools to enhance your development projects. This training provides a complete theoretical and practical foundation, enabling you to master features like Confidential Transactions, Issued Assets, and Federated Block Signing.Liquid, based on the Elements framewor",
  "url": "https://edumall.io/en/search?mode=courses",
  "scraped_at": "2025-08-26 12:20:45"
},
{
  "title": "Build on Liquid and Elements",
  "price": "Free",
  "instructor": "Blockchain Academ",
  "rating": null,
  "description": "Build on Liquid and ElementsDiscover the advanced features and capabilities of Liquid and Elements, and learn how to effectively utilize these tools to enhance your development projects. This training",
  "full_text": "Blockchain Academ12 Lessons•0hrs 12minsFreeBuild on Liquid and ElementsDiscover the advanced features and capabilities of Liquid and Elements, and learn how to effectively utilize these tools to enhance your development projects. This training provides a complete theoretical and practical foundation, enabling you to master features like Confidential Transactions, Issued Assets, and Federated Block Signing.Liquid, based on the Elements framework, is designed to improve privacy, scalability, and f",
  "url": "https://edumall.io/en/search?mode=courses",
  "scraped_at": "2025-08-26 12:21:15"
},
{
  "title": null,
  "price": "Free",
  "instructor": null,
  "rating": null,
  "description": null,
  "full_text": "Free",
  "url": "https://edumall.io/en/search?mode=courses",
  "scraped_at": "2025-08-26 12:21:45"
},
{
  "title": "Liquid Bootcamp Essentials",
  "price": "Free",
  "instructor": "Blockchain Academ",
  "rating": "+2",
  "description": "Introducing to the Liquid networkEmbark on an educational journey designed to provide a deep understanding of the Liquid Network and the Elements project. This bootcamp combines theory and practice to",
  "full_text": "Blockchain+2Liquid Bootcamp EssentialsBlockchain Academ8 Lessons•0hrs 8minsFreeIntroducing to the Liquid networkEmbark on an educational journey designed to provide a deep understanding of the Liquid Network and the Elements project. This bootcamp combines theory and practice to teach you the technical, architectural, and business fundamentals necessary to implement and leverage Liquid's capabilities. From confidential transactions to ecosystem design, this course is ideal for those looking to e",
  "url": "https://edumall.io/en/search?mode=courses",
  "scraped_at": "2025-08-26 12:21:45"
},
{
  "title": "Introducing to the Liquid network",
  "price": "Free",
  "instructor": "Blockchain Academ",
  "rating": null,
  "description": "Introducing to the Liquid networkEmbark on an educational journey designed to provide a deep understanding of the Liquid Network and the Elements project. This bootcamp combines theory and practice to",
  "full_text": "Blockchain Academ8 Lessons•0hrs 8minsFreeIntroducing to the Liquid networkEmbark on an educational journey designed to provide a deep understanding of the Liquid Network and the Elements project. This bootcamp combines theory and practice to teach you the technical, architectural, and business fundamentals necessary to implement and leverage Liquid's capabilities. From confidential transactions to ecosystem design, this course is ideal for those looking to expand their knowledge of advanced tool",
  "url": "https://edumall.io/en/search?mode=courses",
  "scraped_at": "2025-08-26 12:22:16"
},
{
  "title": null,
  "price": "Free",
  "instructor": null,
  "rating": null,
  "description": null,
  "full_text": "Free",
  "url": "https://edumall.io/en/search?mode=courses",
  "scraped_at": "2025-08-26 12:22:46"
},
{
  "title": "A Philosophical History of Freedom",
  "price": "Free",
  "instructor": "Blockchain Academ",
  "rating": "+1",
  "description": "A Journey Through the Philosophical History of FreedomA Philosophical History of Freedom explores freedom throughout history. Damien Theillier examines two political philosophies: freedom and power. H",
  "full_text": "Blockchain+1A Philosophical History of FreedomBlockchain Academ29 Lessons•0hrs 29minsFreeA Journey Through the Philosophical History of FreedomA Philosophical History of Freedom explores freedom throughout history. Damien Theillier examines two political philosophies: freedom and power. He analyzes thinkers such as Frédéric Bastiat, Lord Acton, Karl Marx, and Murray Rothbard, shedding light on their views on production, plunder, class struggle, and the State.The course goes back to the origins o",
  "url": "https://edumall.io/en/search?mode=courses",
  "scraped_at": "2025-08-26 12:22:46"
},
{
  "title": "A Journey Through the Philosophical History of Freedom",
  "price": "Free",
  "instructor": "Blockchain Academ",
  "rating": null,
  "description": "A Journey Through the Philosophical History of FreedomA Philosophical History of Freedom explores freedom throughout history. Damien Theillier examines two political philosophies: freedom and power. H",
  "full_text": "Blockchain Academ29 Lessons•0hrs 29minsFreeA Journey Through the Philosophical History of FreedomA Philosophical History of Freedom explores freedom throughout history. Damien Theillier examines two political philosophies: freedom and power. He analyzes thinkers such as Frédéric Bastiat, Lord Acton, Karl Marx, and Murray Rothbard, shedding light on their views on production, plunder, class struggle, and the State.The course goes back to the origins of freedom in Antiquity, with the Greeks and Ro",
  "url": "https://edumall.io/en/search?mode=courses",
  "scraped_at": "2025-08-26 12:23:16"
},
{
  "title": null,
  "price": "Free",
  "instructor": null,
  "rating": null,
  "description": null,
  "full_text": "Free",
  "url": "https://edumall.io/en/search?mode=courses",
  "scraped_at": "2025-08-26 12:23:46"
},
{
  "title": "Introduction to Bitcoin & Stablecoin",
  "price": "Free",
  "instructor": "Blockchain Academ",
  "rating": "+1",
  "description": "Have you ever wondered:Why is my cost of living continuing to rise?\nIs inflation really good for me?\nWhat options are available to help me protect against inflation?\nHow does Bitcoin or stablecoins fi",
  "full_text": "Blockchain+1Introduction to Bitcoin & StablecoinBlockchain Academ22 Lessons•0hrs 22minsFreeHave you ever wondered:Why is my cost of living continuing to rise?\nIs inflation really good for me?\nWhat options are available to help me protect against inflation?\nHow does Bitcoin or stablecoins fit into all this?If you answered yes to any of these questions, you're in the right place.Welcome to \"Opting In To Change,\" where we delve beneath the surface of our monetary systems while looking at some avail",
  "url": "https://edumall.io/en/search?mode=courses",
  "scraped_at": "2025-08-26 12:23:46"
},
{
  "title": "Blockchain Academ",
  "price": "Free",
  "instructor": "Blockchain Academ",
  "rating": null,
  "description": "Have you ever wondered:Why is my cost of living continuing to rise?\nIs inflation really good for me?\nWhat options are available to help me protect against inflation?\nHow does Bitcoin or stablecoins fi",
  "full_text": "Blockchain Academ22 Lessons•0hrs 22minsFreeHave you ever wondered:Why is my cost of living continuing to rise?\nIs inflation really good for me?\nWhat options are available to help me protect against inflation?\nHow does Bitcoin or stablecoins fit into all this?If you answered yes to any of these questions, you're in the right place.Welcome to \"Opting In To Change,\" where we delve beneath the surface of our monetary systems while looking at some available tools for creating positive change. As our ",
  "url": "https://edumall.io/en/search?mode=courses",
  "scraped_at": "2025-08-26 12:24:16"
},
{
  "title": null,
  "price": "Free",
  "instructor": null,
  "rating": null,
  "description": null,
  "full_text": "Free",
  "url": "https://edumall.io/en/search?mode=courses",
  "scraped_at": "2025-08-26 12:24:46"
},
{
  "title": "Getting your first bitcoins",
  "price": "Free",
  "instructor": "Blockchain Academ",
  "rating": "+1",
  "description": "A journey to your first bitcoinsThe industry surrounding Bitcoin is booming.The technological and financial changes in this new world are only accelerating, and it's up to you to take advantage and st",
  "full_text": "Blockchain+1Getting your first bitcoinsBlockchain Academ16 Lessons•0hrs 16minsFreeA journey to your first bitcoinsThe industry surrounding Bitcoin is booming.The technological and financial changes in this new world are only accelerating, and it's up to you to take advantage and start falling down the Bitcoin Rabbit Hole. This adventure will be rich in knowledge and will push you to question many of your beliefs. It will give you back freedom and allow you to regain privacy, sovereignty, and fin",
  "url": "https://edumall.io/en/search?mode=courses",
  "scraped_at": "2025-08-26 12:24:46"
},
{
  "title": "A journey to your first bitcoins",
  "price": "Free",
  "instructor": "Blockchain Academ",
  "rating": null,
  "description": "A journey to your first bitcoinsThe industry surrounding Bitcoin is booming.The technological and financial changes in this new world are only accelerating, and it's up to you to take advantage and st",
  "full_text": "Blockchain Academ16 Lessons•0hrs 16minsFreeA journey to your first bitcoinsThe industry surrounding Bitcoin is booming.The technological and financial changes in this new world are only accelerating, and it's up to you to take advantage and start falling down the Bitcoin Rabbit Hole. This adventure will be rich in knowledge and will push you to question many of your beliefs. It will give you back freedom and allow you to regain privacy, sovereignty, and financial independence.To help you start t",
  "url": "https://edumall.io/en/search?mode=courses",
  "scraped_at": "2025-08-26 12:25:17"
},
{
  "title": null,
  "price": "Free",
  "instructor": null,
  "rating": null,
  "description": null,
  "full_text": "Free",
  "url": "https://edumall.io/en/search?mode=courses",
  "scraped_at": "2025-08-26 12:25:47"
},
{
  "title": "Introduction to Bitcoin Mining",
  "price": "Free",
  "instructor": "Blockchain Academ",
  "rating": "+2",
  "description": "Your first steps in mining!In this training, we will delve into the mining industry to demystify this complex subject! The training is accessible to everyone and does not require any initial investmen",
  "full_text": "Blockchain+2Introduction to Bitcoin MiningBlockchain Academ19 Lessons•0hrs 19minsFreeYour first steps in mining!In this training, we will delve into the mining industry to demystify this complex subject! The training is accessible to everyone and does not require any initial investment.The first section will be theoretical, where Ajelex and I will have an in-depth discussion on various topics related to mining. This will help us better understand this industry and the economic and geopolitical i",
  "url": "https://edumall.io/en/search?mode=courses",
  "scraped_at": "2025-08-26 12:25:47"
},
{
  "title": "Your first steps in mining!",
  "price": "Free",
  "instructor": "Blockchain Academ",
  "rating": null,
  "description": "Your first steps in mining!In this training, we will delve into the mining industry to demystify this complex subject! The training is accessible to everyone and does not require any initial investmen",
  "full_text": "Blockchain Academ19 Lessons•0hrs 19minsFreeYour first steps in mining!In this training, we will delve into the mining industry to demystify this complex subject! The training is accessible to everyone and does not require any initial investment.The first section will be theoretical, where Ajelex and I will have an in-depth discussion on various topics related to mining. This will help us better understand this industry and the economic and geopolitical issues associated with it.\nIn the second se",
  "url": "https://edumall.io/en/search?mode=courses",
  "scraped_at": "2025-08-26 12:26:17"
},
{
  "title": null,
  "price": "Free",
  "instructor": null,
  "rating": null,
  "description": null,
  "full_text": "Free",
  "url": "https://edumall.io/en/search?mode=courses",
  "scraped_at": "2025-08-26 12:26:48"
},
{
  "title": "Bitcoin Development Accelerator",
  "price": "Free",
  "instructor": "Blockchain Academ",
  "rating": "+2",
  "description": "Welcome to the Cubo+ development courses for Bitcoin!Over the next 20 hours, you will dive deep into the BTC and LN protocols. This course is designed for programmers who want to start working in the ",
  "full_text": "Blockchain+2Bitcoin Development AcceleratorBlockchain Academ24 Lessons•0hrs 24minsFreeWelcome to the Cubo+ development courses for Bitcoin!Over the next 20 hours, you will dive deep into the BTC and LN protocols. This course is designed for programmers who want to start working in the BTC ecosystem and are seeking a solid understanding of the different technology stacks of BTC and LN.The videos were recorded live during the CUBO+ 2023 bootcamp in El Salvador and succeeded in bringing together wo",
  "url": "https://edumall.io/en/search?mode=courses",
  "scraped_at": "2025-08-26 12:26:48"
},
{
  "title": "Blockchain Academ",
  "price": "Free",
  "instructor": "Blockchain Academ",
  "rating": null,
  "description": "Welcome to the Cubo+ development courses for Bitcoin!Over the next 20 hours, you will dive deep into the BTC and LN protocols. This course is designed for programmers who want to start working in the ",
  "full_text": "Blockchain Academ24 Lessons•0hrs 24minsFreeWelcome to the Cubo+ development courses for Bitcoin!Over the next 20 hours, you will dive deep into the BTC and LN protocols. This course is designed for programmers who want to start working in the BTC ecosystem and are seeking a solid understanding of the different technology stacks of BTC and LN.The videos were recorded live during the CUBO+ 2023 bootcamp in El Salvador and succeeded in bringing together world-renowned teachers. This course was offe",
  "url": "https://edumall.io/en/search?mode=courses",
  "scraped_at": "2025-08-26 12:27:18"
},
{
  "title": null,
  "price": "Free",
  "instructor": null,
  "rating": null,
  "description": null,
  "full_text": "Free",
  "url": "https://edumall.io/en/search?mode=courses",
  "scraped_at": "2025-08-26 12:27:48"
},
{
  "title": "Introduction to Austrian Economics",
  "price": "Free",
  "instructor": "Blockchain Academ",
  "rating": "+2",
  "description": "A journey into economicsWelcome to Théo Mogenet's course! Passionate about economics, history, literature, political science, and technology, he has decided to share his knowledge of Austrian economic",
  "full_text": "Blockchain+2Introduction to Austrian EconomicsBlockchain Academ14 Lessons•0hrs 14minsFreeA journey into economicsWelcome to Théo Mogenet's course! Passionate about economics, history, literature, political science, and technology, he has decided to share his knowledge of Austrian economics with you. This branch, less known in economics, is based on human rationality and free actor behavior. Less intense in mathematics, it is a question of logic and social study above all.This school of thought h",
  "url": "https://edumall.io/en/search?mode=courses",
  "scraped_at": "2025-08-26 12:27:48"
},
{
  "title": "A journey into economics",
  "price": "Free",
  "instructor": "Blockchain Academ",
  "rating": null,
  "description": "A journey into economicsWelcome to Théo Mogenet's course! Passionate about economics, history, literature, political science, and technology, he has decided to share his knowledge of Austrian economic",
  "full_text": "Blockchain Academ14 Lessons•0hrs 14minsFreeA journey into economicsWelcome to Théo Mogenet's course! Passionate about economics, history, literature, political science, and technology, he has decided to share his knowledge of Austrian economics with you. This branch, less known in economics, is based on human rationality and free actor behavior. Less intense in mathematics, it is a question of logic and social study above all.This school of thought has already had several centuries behind it and",
  "url": "https://edumall.io/en/search?mode=courses",
  "scraped_at": "2025-08-26 12:28:18"
},
{
  "title": null,
  "price": "Free",
  "instructor": null,
  "rating": null,
  "description": null,
  "full_text": "Free",
  "url": "https://edumall.io/en/search?mode=courses",
  "scraped_at": "2025-08-26 12:28:49"
}
]