site,url,title,company,location,salary,deadline,description
FPTJobs,https://fptjobs.com/nhan-vien-ky-thuat-ha-tang-vien-thong-23268,Việc làm Hot,FPT Telecom,"Ninh Bình, Số 02 Ngõ 469 Đường Lê Thái Tổ, Phố Tuệ Tĩnh, Phường Nam Thành, TP Hoa Lư, Tỉnh Ninh Bình,, Số 303 phố Thống Thất, thị trấn Me huyện Gia Viễn tỉnh Ninh Bình,, Số 248 đường Lê Thánh Tông, thị trấn Yên Ninh Yên Khánh ,, Xóm 11, Xã Quang Thiện, Huyện Kim Sơn, T. Ninh Bình,, Thành phố Tam Điệp, Tp.Tam Điệp, Ninh Bình., Hồ Chí Minh, Hồ Chí Minh, Hồ Chí Minh, Hồ Chí Minh, Hưng Yên, Hồ Chí Minh, Hồ Chí Minh, Hồ Chí Minh, Hồ Chí Minh, Hải Dương, Hồ Chí Minh, Hồ Chí Minh, Hồ Chí Minh, Hồ Chí Minh, Hồ Chí Minh, Hải Phòng, Hà Nội, Hà Nội, Hà Nội, Hà Nội, Hà Nội, Hà Nội, Tuyên Quang, Tuyên Quang, Hồ Chí Minh, Hồ Chí Minh, Hồ Chí Minh, Hồ Chí Minh, Hồ Chí Minh, Hải Dương, Hồ Chí Minh, Hồ Chí Minh, Hồ Chí Minh",,,
FPTJobs,https://fptjobs.com/tai-xe-hai-phong-23275,Việc làm Hot,FPT Telecom,"Hải Phòng, Bùi Viện, Q.Lê Chân, Hải Phòng, Hải Phòng, Hồ Chí Minh, Hồ Chí Minh, Hồ Chí Minh, Hồ Chí Minh, Hải Dương, Hồ Chí Minh, Hồ Chí Minh, Hồ Chí Minh, Hồ Chí Minh, Hồ Chí Minh, Hải Phòng, Hà Nội, Hà Nội, Hà Nội, Hà Nội, Hà Nội, Hà Nội, Tuyên Quang, Tuyên Quang, Hồ Chí Minh, Hồ Chí Minh, Hồ Chí Minh, Hồ Chí Minh, Hồ Chí Minh, Hải Dương, Hồ Chí Minh, Hồ Chí Minh, Hồ Chí Minh",,,
FPTJobs,https://fptjobs.com/nhan-vien-ky-thuat-trien-khai-va-bao-tri-mang-vien-thong-quan-9--23273,Việc làm Hot,FPT Telecom,"Hồ Chí Minh, 385 Man Thiện, Phường Tăng Nhơn Phú A, Quận 9, TPHCM, Hồ Chí Minh, Hồ Chí Minh, Hồ Chí Minh, Ninh Bình, Hưng Yên, Hồ Chí Minh, Hồ Chí Minh, Hồ Chí Minh, Hồ Chí Minh, Hải Dương, Hồ Chí Minh, Hồ Chí Minh, Hồ Chí Minh, Hồ Chí Minh, Hồ Chí Minh, Hải Phòng, Hà Nội, Hà Nội, Hà Nội, Hà Nội, Hà Nội, Hà Nội, Tuyên Quang, Tuyên Quang, Hồ Chí Minh, Hồ Chí Minh, Hồ Chí Minh, Hồ Chí Minh, Hồ Chí Minh, Hải Dương, Hồ Chí Minh, Hồ Chí Minh, Hồ Chí Minh",,,
FPTJobs,https://fptjobs.com/nhan-vien-kinh-doanh-dich-vu-vien-thong-quan-9-23272,Việc làm Hot,FPT Telecom,"Hồ Chí Minh, 385 Man Thiện, Phường Tăng Nhơn Phú A, Quận 9, TPHCM, Hải Dương, Hồ Chí Minh, Hồ Chí Minh, An Giang, Hưng Yên, Hồ Chí Minh, Hồ Chí Minh, Hồ Chí Minh, Hồ Chí Minh, Hải Dương, Hồ Chí Minh, Hồ Chí Minh, Hồ Chí Minh, Hồ Chí Minh, Hồ Chí Minh, Hải Phòng, Hà Nội, Hà Nội, Hà Nội, Hà Nội, Hà Nội, Hà Nội, Tuyên Quang, Tuyên Quang, Hồ Chí Minh, Hồ Chí Minh, Hồ Chí Minh, Hồ Chí Minh, Hồ Chí Minh, Hải Dương, Hồ Chí Minh, Hồ Chí Minh, Hồ Chí Minh",,,
FPTJobs,https://fptjobs.com/nhan-vien-nhan-su-tp-soc-trang-23269,Việc làm Hot,FPT Telecom,"Sóc Trăng, Số 76 Lê Duẩn, Phường 3, Tp Sóc Trăng, Sóc Trăng, Hồ Chí Minh, Hà Nội, Bắc Giang, Hồ Chí Minh, Vĩnh Long, Hồ Chí Minh, Hồ Chí Minh, Hồ Chí Minh, Hồ Chí Minh, Hải Dương, Hồ Chí Minh, Hồ Chí Minh, Hồ Chí Minh, Hồ Chí Minh, Hồ Chí Minh, Hải Phòng, Hà Nội, Hà Nội, Hà Nội, Hà Nội, Hà Nội, Hà Nội, Tuyên Quang, Tuyên Quang, Hồ Chí Minh, Hồ Chí Minh, Hồ Chí Minh, Hồ Chí Minh, Hồ Chí Minh, Hải Dương, Hồ Chí Minh, Hồ Chí Minh, Hồ Chí Minh",,,
FPTJobs,https://fptjobs.com/nhan-vien-ho-tro-ky-thuat-qua-tong-ai-23282,Việc làm Hot,FPT Telecom,"Hồ Chí Minh, Tòa nhà ITD, số 1 đường Sáng Tạo, KCX Tân Thuận, Quận 7, TP.HCM, Hồ Chí Minh, Hồ Chí Minh, Hồ Chí Minh, Ninh Bình, Hưng Yên, Hồ Chí Minh, Hồ Chí Minh, Hồ Chí Minh, Hồ Chí Minh, Hải Dương, Hồ Chí Minh, Hồ Chí Minh, Hồ Chí Minh, Hồ Chí Minh, Hồ Chí Minh, Hải Phòng, Hà Nội, Hà Nội, Hà Nội, Hà Nội, Hà Nội, Hà Nội, Tuyên Quang, Tuyên Quang, Hồ Chí Minh, Hồ Chí Minh, Hồ Chí Minh, Hồ Chí Minh, Hồ Chí Minh, Hải Dương, Hồ Chí Minh, Hồ Chí Minh, Hồ Chí Minh",,,
FPTJobs,https://fptjobs.com/nhan-vien-ky-thuat-trien-khai-va-bao-tri-mang-vien-thong-23280,Việc làm Hot,FPT Telecom,"Hồ Chí Minh, 52 Thống Nhất, Tân Thành, Tân Phú, Thành phố Hồ Chí Minh,, 340E - 340F Hoàng Văn Thụ, Phường 4, Quận Tân Bình, Hồ Chí Minh, Hồ Chí Minh, Hồ Chí Minh, Hồ Chí Minh, Hồ Chí Minh, Hồ Chí Minh, Hồ Chí Minh, Hồ Chí Minh, Hồ Chí Minh, Hồ Chí Minh, Hải Dương, Hồ Chí Minh, Hồ Chí Minh, Hồ Chí Minh, Hồ Chí Minh, Hồ Chí Minh, Hải Phòng, Hà Nội, Hà Nội, Hà Nội, Hà Nội, Hà Nội, Hà Nội, Tuyên Quang, Tuyên Quang, Hồ Chí Minh, Hồ Chí Minh, Hồ Chí Minh, Hồ Chí Minh, Hồ Chí Minh, Hải Dương, Hồ Chí Minh, Hồ Chí Minh, Hồ Chí Minh",,,
FPTJobs,https://fptjobs.com/nhan-vien-kinh-doanh-dich-vu-vien-thong--23279,,FPT Telecom,"Hồ Chí Minh, 52 Thống Nhất, Tân Thành, Tân Phú, Thành phố Hồ Chí Minh, Hồ Chí Minh, Hồ Chí Minh, Hải Dương, Hồ Chí Minh, Hồ Chí Minh, Hồ Chí Minh, Hồ Chí Minh, Hồ Chí Minh, Hồ Chí Minh, Hải Dương, Hồ Chí Minh, Hồ Chí Minh, Hồ Chí Minh, Hồ Chí Minh, Hồ Chí Minh, Hải Phòng, Hà Nội, Hà Nội, Hà Nội, Hà Nội, Hà Nội, Hà Nội, Tuyên Quang, Tuyên Quang, Hồ Chí Minh, Hồ Chí Minh, Hồ Chí Minh, Hồ Chí Minh, Hồ Chí Minh, Hải Dương, Hồ Chí Minh, Hồ Chí Minh, Hồ Chí Minh",,,
FPTJobs,https://fptjobs.com/nhan-vien-kinh-doanh-phong-van-i-lam-ngay-23278,,FPT Telecom,"Hồ Chí Minh, 52 Thống Nhất, Tân Thành, Tân Phú, Thành phố Hồ Chí Minh,, 340E - 340F Hoàng Văn Thụ, Phường 4, Quận Tân Bình, Hồ Chí Minh, Hồ Chí Minh, Hồ Chí Minh, Hải Dương, Hồ Chí Minh, Hồ Chí Minh, Hồ Chí Minh, Hồ Chí Minh, Hồ Chí Minh, Hồ Chí Minh, Hải Dương, Hồ Chí Minh, Hồ Chí Minh, Hồ Chí Minh, Hồ Chí Minh, Hồ Chí Minh, Hải Phòng, Hà Nội, Hà Nội, Hà Nội, Hà Nội, Hà Nội, Hà Nội, Tuyên Quang, Tuyên Quang, Hồ Chí Minh, Hồ Chí Minh, Hồ Chí Minh, Hồ Chí Minh, Hồ Chí Minh, Hải Dương, Hồ Chí Minh, Hồ Chí Minh, Hồ Chí Minh",,,
FPTJobs,https://fptjobs.com/nhan-vien-ky-thuat-trien-khai-va-bao-tri-mang-vien-thong-thu-uc-23277,Việc làm Hot,FPT Telecom,"Hồ Chí Minh, 148/1 Hoàng Diệu 2, Linh Chiểu, TP. Thủ Đức, Hồ Chí Minh, Hồ Chí Minh, Hồ Chí Minh, Ninh Bình, Hưng Yên, Hồ Chí Minh, Hồ Chí Minh, Hồ Chí Minh, Hồ Chí Minh, Hải Dương, Hồ Chí Minh, Hồ Chí Minh, Hồ Chí Minh, Hồ Chí Minh, Hồ Chí Minh, Hải Phòng, Hà Nội, Hà Nội, Hà Nội, Hà Nội, Hà Nội, Hà Nội, Tuyên Quang, Tuyên Quang, Hồ Chí Minh, Hồ Chí Minh, Hồ Chí Minh, Hồ Chí Minh, Hồ Chí Minh, Hải Dương, Hồ Chí Minh, Hồ Chí Minh, Hồ Chí Minh",,,
FPTJobs,https://fptjobs.com/nhan-vien-kinh-doanh-dich-vu-vien-thong-tp-thu-uc-23276,Việc làm Hot,FPT Telecom,"Hồ Chí Minh, 148/1 Hoàng Diệu 2, Linh Chiểu, TP. Thủ Đức, Hưng Yên, Tiền Giang, Tiền Giang, Tiền Giang, Tiền Giang, Hồ Chí Minh, Hồ Chí Minh, Hồ Chí Minh, Hồ Chí Minh, Hải Dương, Hồ Chí Minh, Hồ Chí Minh, Hồ Chí Minh, Hồ Chí Minh, Hồ Chí Minh, Hải Phòng, Hà Nội, Hà Nội, Hà Nội, Hà Nội, Hà Nội, Hà Nội, Tuyên Quang, Tuyên Quang, Hồ Chí Minh, Hồ Chí Minh, Hồ Chí Minh, Hồ Chí Minh, Hồ Chí Minh, Hải Dương, Hồ Chí Minh, Hồ Chí Minh, Hồ Chí Minh",,,
FPTJobs,https://fptjobs.com/nhan-vien-cham-soc--phat-trien-khach-hang-hai-duong-23108,Việc làm Hot,FPT Telecom,"Hải Dương, Số 16-18 Bà Triệu, Phường Phạm Ngũ Lão, TP Hải Dương, Hồ Chí Minh, Hồ Chí Minh, Hồ Chí Minh, Hồ Chí Minh, An Giang, Hồ Chí Minh, Hồ Chí Minh, Hồ Chí Minh, Hồ Chí Minh, Hải Dương, Hồ Chí Minh, Hồ Chí Minh, Hồ Chí Minh, Hồ Chí Minh, Hồ Chí Minh, Hải Phòng, Hà Nội, Hà Nội, Hà Nội, Hà Nội, Hà Nội, Hà Nội, Tuyên Quang, Tuyên Quang, Hồ Chí Minh, Hồ Chí Minh, Hồ Chí Minh, Hồ Chí Minh, Hồ Chí Minh, Hải Dương, Hồ Chí Minh, Hồ Chí Minh, Hồ Chí Minh",,,
